user_screen_name,lang,hashtag,user_id,score,astroturf,fake_follower,financial,other,overall,self_declared,spammer,most_recent_post_time,recent_tweets_per_week,number_of_tweets,following,followers,numberOfLikes
TnNguynNgc12,vi,#bot,1406983013095776259,0.92,0.14,0.92,0.34,0.74,0.92,0.13,0.21,Fri Dec 10 21:01:59 +0000 2021,560,15081,3282,64,148
PienaNashetania,in,#bot,4586856613,1.0,0.01,0.45,0.125125,1.0,1.0,0.99,0.49,Fri Dec 10 21:01:12 +0000 2021,27,8298,2,54,0
inthreek,en,#bot,1516297345,0.83,0.02,0.68,0.16,0.75,0.83,0.83,0.51,Fri Dec 10 16:10:41 +0000 2021,27,12333,46,54,0
a_kitsumaru,ja,#bot,2158721414,0.97,0.0,0.61,0.07,0.91,0.97,0.97,0.7,Fri Dec 10 22:23:27 +0000 2021,100,34086,10,12,209
cephalopodluke2,en,#bot,983177740965773312,0.8,0.71,0.7,0.54,0.8,0.8,0.3,0.19,Fri Dec 10 22:40:37 +0000 2021,670,128366,4744,1794,0
ErzaOfFairyTail,en,#bot,838182517,0.8,0.22,0.76,0.13,0.8,0.8,0.71,0.57,Fri Dec 10 22:24:41 +0000 2021,200,93269,4899,4117,30
himeka_s,ja,#bot,1065120397,0.96,0.0,0.45,0.01,0.96,0.96,0.9,0.72,Fri Dec 10 22:24:38 +0000 2021,180,91534,266,318,46
Long123475,vi,#bot,1154918356320788481,0.92,0.01,0.75,0.36,0.92,0.92,0.28,0.23,Fri Dec 10 03:54:47 +0000 2021,46,3729,198,27,5
xPirateCoveFox,en,#bot,3243767972,0.92,0.05,0.59,0.16,0.92,0.92,0.91,0.65,Fri Dec 10 22:28:17 +0000 2021,75,24613,39,284,13
fabricsarts,ja,#bot,1187889491949670404,0.93,0.02,0.26,0.03,0.93,0.93,0.92,0.81,Mon Nov 29 01:03:58 +0000 2021,51,8904,2,5,188
Aska_Eva02,ja,#bot,618872117,0.95,0.12,0.54,0.06,0.95,0.95,0.89,0.52,Fri Dec 10 14:18:59 +0000 2021,39,19321,264,521,9
IbaraMayaka_AR,en,#bot,1334120898,0.85,0.11,0.77,0.35,0.85,0.85,0.82,0.68,Fri Dec 10 21:28:56 +0000 2021,39,14894,37,76,1
P_KO_jintai,ja,#bot,602086277,0.99,0.08,0.28,0.06,0.99,0.99,0.96,0.77,Fri Dec 10 19:18:46 +0000 2021,24,12888,75,106,0
Swat33662057,vi,#bot,1265897937638309891,0.94,0.02,0.94,0.51,0.83,0.94,0.07,0.22,Fri Dec 10 10:41:15 +0000 2021,73,1965,480,14,1696
Khanh19872677,vi,#bot,1222181880251863041,0.84,0.03,0.82,0.38,0.84,0.84,0.17,0.3,Fri Dec 10 05:00:49 +0000 2021,6.0,401,79,3,23
Ho50290170,und,#bot,1416693810210349056,0.98,0.05,0.98,0.32,0.9,0.98,0.24,0.37,Fri Dec 10 16:18:30 +0000 2021,11,301,1844,61,2
Mahmudu21176197,en,#bot,1452576377937403912,0.72,0.18,0.51,0.08,0.72,0.72,0.08,0.34,Fri Dec 10 12:12:28 +0000 2021,18,121,91,20,18
Ace32165,zh,#bot,912291524871725056,0.95,0.08,0.91,0.28,0.95,0.95,0.2,0.21,Fri Dec 10 21:40:25 +0000 2021,110,8132,1058,86,4197
URP_shisui,in,#bot,1376479838,0.99,0.0,0.58,0.01,0.99,0.99,0.97,0.69,Fri Dec 10 23:02:19 +0000 2021,120,76327,35,78,50
letterchars,und,#bot,881037105308123136,0.94,0.01,0.43,0.07,0.94,0.94,0.73,0.61,Fri Dec 10 19:00:49 +0000 2021,27,3992,24,6,0
SportSatu_,in,#bot,2372565053,0.99,0.0,0.44,0.01,0.99,0.99,0.96,0.49,Fri Dec 10 22:01:08 +0000 2021,67,25923,6,49,0
Marketin_Auto,en,#bot,1082914162207002624,0.81,0.39,0.68,0.5,0.81,0.81,0.04,0.04,Fri Dec 10 12:30:27 +0000 2021,8.0,2188,841,1553,32
hailongnguyen11,vi,#bot,1075048760944791552,0.87,0.04,0.69,0.34,0.87,0.87,0.13,0.18,Fri Dec 10 17:19:59 +0000 2021,62,3814,461,58,10473
VIKING_CIPANAS,in,#bot,2261808914,0.9,0.02,0.5,0.02,0.89,0.9,0.9,0.45,Fri Dec 10 22:25:30 +0000 2021,6.2,15166,428,2460,42
xOrangeShinobi,en,#bot,1023630948,0.78,0.08,0.48,0.16,0.78,0.78,0.75,0.61,Fri Dec 10 23:13:04 +0000 2021,170,81979,355,346,345
gundam00_b,ja,#bot,1725245054,0.9,0.02,0.6,0.048,0.88,0.9,0.9,0.64,Fri Dec 10 23:34:49 +0000 2021,160,69813,240,256,0
tweetgameoflife,und,#bot,4798922670,0.94,0.02,0.42,0.12,0.84,0.94,0.94,0.53,Fri Dec 10 14:47:28 +0000 2021,21,6222,1,152,1
azami0815,ja,#bot,779531532,0.98,0.0,0.32,0.05,0.98,0.98,0.88,0.48,Fri Dec 10 23:52:50 +0000 2021,240,149850,273,1452,673
Hatiman_Hikky,ja,#bot,1440021114,1.0,0.01,0.4,0.01,1.0,1.0,0.97,0.66,Fri Dec 10 23:09:29 +0000 2021,140,88079,26,611,10
huy18249245,vi,#bot,1304060569679347714,0.89,0.01,0.86,0.41,0.89,0.89,0.09,0.21,Fri Dec 10 17:20:18 +0000 2021,19,1739,659,11,4984
superch_krskr,ko,#bot,827210311631400960,1.0,0.0,0.74,0.04,0.99,1.0,1.0,0.68,Fri Dec 10 23:09:25 +0000 2021,88,23860,17,3,1
Violettebayo,en,#bot,367948138,0.78,0.05,0.57,0.41,0.78,0.78,0.63,0.3,Fri Dec 10 23:10:24 +0000 2021,53,53388,302,598,1397
ml_s_a,ja,#bot,2335363668,0.97,0.01,0.46,0.01,0.91,0.97,0.97,0.55,Fri Dec 10 21:42:03 +0000 2021,47,28935,25,155,110
Hamidah_bella,in,#bot,1152993079,0.86,0.01,0.46,0.07,0.86,0.86,0.83,0.6,Fri Dec 10 22:38:44 +0000 2021,52,22225,567,328,128
ChungTn14,vi,#bot,1434761119877398531,0.95,0.05,0.87,0.29,0.95,0.95,0.22,0.16,Fri Dec 10 23:16:57 +0000 2021,110,1024,836,36,6215
binhyen021199,vi,#bot,1404199491499028482,0.81,0.03,0.81,0.45,0.81,0.81,0.3,0.38,Fri Dec 10 23:21:44 +0000 2021,6.6,193,108,2,1
WASSUP_KSHOP,en,#bot,1673670446,1.0,0.02,0.78,0.27,1.0,1.0,0.89,0.56,Fri Dec 10 23:01:15 +0000 2021,18,7348,24,146,83
PHP_Junghwa,in,#bot,861077660,1.0,0.0,0.52,0.08,1.0,1.0,0.94,0.72,Fri Dec 10 21:22:38 +0000 2021,56,26805,189,138,1
Jaeger_0703,ja,#bot,1531308403,0.83,0.01,0.29,0.24,0.83,0.83,0.76,0.13,Fri Dec 10 06:38:07 +0000 2021,11,9726,256,218,3152
Pvt00303113,vi,#bot,1192976666227666945,0.9,0.05,0.9,0.34,0.89,0.9,0.19,0.43,Fri Dec 10 23:17:08 +0000 2021,18,598,921,39,16
SATYAJIT1910,en,#bot,3064146644,0.77,0.77,0.61,0.22,0.58,0.77,0.06,0.03,Sat Dec 11 00:15:34 +0000 2021,10000,215196,1562,1533,8294
katura_kota626,ja,#bot,1092827760,0.97,0.01,0.37,0.06,0.97,0.97,0.95,0.47,Fri Dec 10 20:28:48 +0000 2021,16,9149,94,107,41
kanbara_a,ja,#bot,1731335604,1.0,0.01,0.44,0.01,1.0,1.0,0.97,0.54,Fri Dec 10 22:36:35 +0000 2021,40,17532,34,178,3
abelfrageauthor,en,#bot,578112125,0.74,0.74,0.46,0.07,0.45,0.74,0.0,0.06,Fri Dec 10 14:37:13 +0000 2021,310,264317,3601,13242,102082
Rojak62626360,in,#bot,1218599013705908224,0.96,0.09,0.82,0.34,0.96,0.96,0.15,0.18,Fri Dec 10 15:51:34 +0000 2021,57,1374,565,537,62
AmethystPrude,en,#bot,342635789,0.76,0.08,0.61,0.14,0.76,0.76,0.65,0.65,Sat Dec 11 00:00:08 +0000 2021,200,99368,553,931,43
HMA_danika,ko,#bot,1393937870,0.98,0.0,0.48,0.01,0.98,0.98,0.89,0.57,Fri Dec 10 05:45:53 +0000 2021,5.9,3641,253,191,2
shitoron_nrkr,ja,#bot,2184282030,1.0,0.02,0.54,0.02,1.0,1.0,0.96,0.66,Fri Dec 10 22:38:45 +0000 2021,83,34178,1,12,0
mabo_carry,ja,#bot,128344414,0.9,0.0,0.38,0.05,0.9,0.9,0.87,0.5,Sat Dec 11 00:08:48 +0000 2021,270,167312,417,217,668
kaito_1412_bot_,ko,#bot,4496742134,0.99,0.05,0.37,0.03,0.89,0.99,0.99,0.63,Fri Dec 10 21:30:41 +0000 2021,52,15846,3,14,0
RPNL_KarinU,in,#bot,1520992195,1.0,0.01,0.39,0.01,1.0,1.0,0.98,0.65,Sat Dec 11 00:04:26 +0000 2021,110,48254,88,210,2
Shirai_judgment,ja,#bot,955476079,0.96,0.01,0.36,0.09,0.9,0.96,0.96,0.6,Sat Dec 11 00:00:24 +0000 2021,24,15628,124,484,107
KuroYesterday,es,#bot,2497562216,0.92,0.0,0.66,0.07,0.9,0.92,0.92,0.3893975903614458,Sat Dec 11 00:22:17 +0000 2021,110,40099,30,43,230
RFang36,en,#bot,1065120613776338945,0.75,0.25,0.56,0.27,0.75,0.75,0.02,0.19,Fri Dec 10 21:59:29 +0000 2021,480,52169,5002,249,57423
tanktank1402,vi,#bot,1256452129381683200,0.91,0.06,0.83,0.37,0.91,0.91,0.25,0.32,Fri Dec 03 07:44:48 +0000 2021,10,823,256,17,823
_DemonCatherine,en,#bot,841183980,0.87,0.08,0.57,0.17,0.87,0.87,0.81,0.64,Sat Dec 11 00:19:50 +0000 2021,170,109691,96,685,0
yuta__asaba,ja,#bot,570838300,0.95,0.1,0.52,0.01,0.95,0.95,0.93,0.53,Sat Dec 11 00:16:19 +0000 2021,330,165978,59,209,30
ken01442882,vi,#bot,1219256477866545152,0.84,0.01,0.78,0.4,0.84,0.84,0.07,0.16,Wed Dec 08 22:13:02 +0000 2021,4.0,290,134,11,757
AnriS_RPH,en,#bot,1448573563,0.85,0.03,0.74,0.16,0.85,0.85,0.85,0.8,Fri Dec 10 13:16:10 +0000 2021,36,16341,37,47,2
talithaasls,in,#bot,1649630557,1.0,0.0,0.69,0.057,1.0,1.0,0.92,0.51,Sat Dec 11 00:08:34 +0000 2021,52,21784,81,44,6
Hongd35,vi,#bot,1369649103219478529,0.9,0.01,0.81,0.4,0.9,0.9,0.21,0.27,Fri Dec 10 22:51:16 +0000 2021,24,1069,259,4,6243
ichica_orimura,ja,#bot,531034107,0.94,0.02,0.32,0.14666666666666667,0.94,0.94,0.94,0.49,Fri Dec 10 23:43:21 +0000 2021,56,91955,366,1136,167
singaameno,und,#bot,2419491732,1.0,0.01,0.41,0.12179166666666666,1.0,1.0,0.96,0.5694820717131475,Fri Dec 10 13:13:50 +0000 2021,14,6633,17,146,0
Fianna_blade,ja,#bot,2709504626,0.97,0.0,0.35,0.04,0.97,0.97,0.95,0.76,Fri Dec 10 23:46:33 +0000 2021,180,68191,105,677,265
_M0i_Pe3,ja,#bot,2791451484,1.0,0.0,0.7,0.05,1.0,1.0,0.98,0.51,Sat Dec 11 00:19:09 +0000 2021,50,19076,27,17,0
AnhVin6,vi,#bot,1119193188114157569,0.8,0.06,0.48,0.34,0.8,0.8,0.08,0.13,Fri Dec 10 06:01:46 +0000 2021,15,807,969,305,5306
botFantasyNovel,ja,#bot,1402794820272214025,0.76,0.3,0.41,0.23,0.76,0.76,0.33,0.06,Fri Dec 10 22:13:26 +0000 2021,730,20738,698,968,68130
kumamarket,ko,#bot,503803179,1.0,0.01,0.53,0.05,1.0,1.0,0.97,0.64,Fri Dec 10 13:28:55 +0000 2021,32,16034,72,55,1
shiori_no_A,ja,#bot,1625076079,0.95,0.01,0.6,0.07,0.95,0.95,0.85,0.36,Sat Dec 11 00:35:15 +0000 2021,340,147665,46,103,34
hnti_Quoll_H,ja,#bot,1015277407,0.95,0.05,0.35,0.02,0.95,0.95,0.86,0.54,Fri Dec 10 23:53:54 +0000 2021,120,79607,473,640,732
vimimivian,ja,#bot,452803371,0.79,0.05,0.24,0.24,0.79,0.79,0.6,0.13,Fri Dec 10 03:45:33 +0000 2021,11,32609,351,370,1116
JavaGeekBot,en,#bot,1423655520196435969,0.71,0.24,0.5,0.49,0.71,0.71,0.18,0.2,Sat Dec 11 00:35:53 +0000 2021,4800,67578,0,482,27
yuya_raidreapar,ja,#bot,1583971867,0.89,0.02,0.3,0.05,0.89,0.89,0.89,0.52,Fri Dec 10 23:34:19 +0000 2021,47,81679,216,187,831
YinYin2701,vi,#bot,1348512671486812160,0.87,0.07,0.87,0.25,0.64,0.87,0.09,0.27,Wed Dec 08 20:03:02 +0000 2021,6.1,820,2694,51,3738
nyaande,ja,#bot,266520906,0.88,0.09,0.41,0.06,0.88,0.88,0.14,0.2,Fri Dec 10 10:13:43 +0000 2021,7.6,99419,661,1060,19739
AN_Ber_EMA,ja,#bot,2307162354,0.93,0.03,0.37,0.14,0.76,0.93,0.93,0.6,Fri Dec 10 22:10:34 +0000 2021,25,12369,189,75,345
Barbyee77,es,#bot,311213364,0.88,0.05,0.45,0.41,0.88,0.88,0.21,0.06,Wed Dec 08 21:02:44 +0000 2021,14,578,191,29,164
autotechgadget,en,#bot,1421396838947516424,0.96,0.01,0.67,0.06,0.96,0.96,0.81,0.57,Fri Dec 10 16:19:48 +0000 2021,39,681,19,3,8
AyachiNene_,ja,#bot,2812694202,1.0,0.0,0.37,0.0,1.0,1.0,0.96,0.69,Fri Dec 10 19:53:53 +0000 2021,100,34809,34,193,1
ayaka_tuto,ja,#bot,1579775564,0.95,0.02,0.35,0.19,0.82,0.95,0.95,0.21,Sat Dec 11 00:34:23 +0000 2021,40,20945,72,80,1973
nno__7,ja,#bot,2434775989,0.96,0.23,0.78,0.06,0.96,0.96,0.68,0.7,Sat Dec 11 00:30:27 +0000 2021,160,50670,11659,12170,0
AbridgedKingKai,en,#bot,813359324,0.95,0.09,0.495,0.38,0.95,0.95,0.89,0.61,Fri Dec 10 17:50:13 +0000 2021,27,12714,7,13,0
task_c_lang,ko,#bot,985012366818463745,0.98,0.02,0.4,0.07,0.93,0.98,0.98,0.75,Sat Dec 11 00:30:37 +0000 2021,67,12466,0,51,0
SSky07,vi,#bot,1364862478388092929,0.93,0.01,0.91,0.36,0.93,0.93,0.2,0.3,Fri Dec 10 10:30:24 +0000 2021,33,1734,169,13,45
FajarHusnawa_29,in,#bot,448897097,0.97,0.0,0.52,0.03,0.97,0.97,0.89,0.58,Sat Dec 11 00:34:25 +0000 2021,310,127788,216,162,62
DarrylNss,in,#bot,574310576,0.95,0.01,0.36,0.11666666666666665,0.95,0.95,0.94,0.51,Fri Dec 10 21:14:49 +0000 2021,14,9770,149,249,26
ftluhan,en,#bot,1373883528,0.94,0.03,0.75,0.45,0.94,0.94,0.8,0.7,Fri Dec 10 19:00:38 +0000 2021,14,23971,641,641,248
_iSasuke_,en,#bot,859114969,0.89,0.08,0.33,0.05,0.89,0.89,0.73,0.58,Fri Dec 10 22:54:28 +0000 2021,42,19778,38,278,5
Hibiki_P4_toa,ja,#bot,529764127,0.99,0.0,0.46,0.02,0.99,0.99,0.96,0.65,Fri Dec 10 22:50:01 +0000 2021,160,82610,27,97,47
kanann821,ja,#bot,538061544,1.0,0.0,0.43,0.15422619047619046,1.0,1.0,0.91,0.46934959349593497,Sat Dec 11 00:29:53 +0000 2021,340,159150,159,108,0
Yu2028,vi,#bot,1425786941878927362,0.75,0.05,0.67,0.08,0.75,0.75,0.19,0.32,Fri Dec 10 15:20:18 +0000 2021,2.5,47,1131,160,5309
RumbleHorn,en,#bot,1908513788,0.91,0.04,0.61,0.08,0.91,0.91,0.77,0.72,Sat Dec 11 00:38:51 +0000 2021,150,75648,418,326,68
Gym_Ghingham,ja,#bot,3335376378,1.0,0.0,0.63,0.01,1.0,1.0,1.0,0.53,Sat Dec 11 00:28:53 +0000 2021,230,73656,29,72,0
JustAJailedAcc,en,#bot,2184468234,0.74,0.06,0.69,0.14,0.71,0.74,0.74,0.65,Fri Dec 10 23:38:54 +0000 2021,120,62024,87,71,72
Shingu_Momoka,ja,#bot,2842207224,1.0,0.0,0.53,0.0,1.0,1.0,0.97,0.63,Sat Dec 11 00:48:47 +0000 2021,140,51859,48,88,0
son56924646,vi,#bot,1239108522840739840,0.72,0.02,0.69,0.18,0.72,0.72,0.06,0.3,Wed Dec 08 16:05:18 +0000 2021,6.9,454,370,11,2073
sakuramiwa_bot,ja,#bot,155162538,0.99,0.0,0.44,0.01,0.99,0.99,0.95,0.64,Sat Dec 11 00:33:49 +0000 2021,190,193040,51,124,5
yukina_himeyuki,ja,#bot,2338310646,1.0,0.0,0.38,0.05366666666666667,1.0,1.0,0.96,0.76,Fri Dec 10 23:10:44 +0000 2021,82,34414,109,266,0
m_patapata,ja,#bot,875701735,0.99,0.01,0.63,0.09,0.99,0.99,0.89,0.62,Fri Dec 10 22:15:45 +0000 2021,13,6176,770,708,0
L79X7qoNdhvT2RT,ja,#bot,1301276829668356096,0.98,0.03,0.34,0.03,0.94,0.98,0.98,0.41,Sat Dec 11 00:30:15 +0000 2021,130,17503,2,250,12
Anderso17711967,en,#bot,1348306979039686656,0.83,0.21,0.49,0.47,0.83,0.83,0.02,0.06,Tue Dec 07 23:14:11 +0000 2021,54,2672,248,46,8868
SurakhbayarG,en,#tbt,1924204988,0.73,0.41,0.27,0.08,0.73,0.73,0.0,0.01,Fri Dec 10 23:34:52 +0000 2021,89,43129,2306,3672,23820
SexyColombiacom,es,#tbt,1157718971577225216,0.77,0.23,0.55,0.05,0.77,0.77,0.03,0.14,Fri Dec 10 10:28:58 +0000 2021,16,2076,1608,7651,825
marciom35246052,en,#tbt,4861069574,0.9,0.1,0.33,0.53,0.9,0.9,0.03,0.01,Fri Dec 10 03:04:01 +0000 2021,47,513,55,13,6062
XJAPANoverseas,ja,#tbt,1054135030996451328,0.79,0.02,0.27,0.14,0.79,0.79,0.05,0.06,Tue Nov 23 15:03:10 +0000 2021,8.9,6548,176,354,5151
pena_javito,en,#tbt,1223028870,0.92,0.23,0.57,0.35,0.92,0.92,0.03,0.15,Fri Dec 10 02:50:00 +0000 2021,140,8695,1324,139,8600
JetAlphaeus,en,#tbt,1468325370030358531,0.97,0.08,0.97,0.9,0.97,0.97,0.58,0.52,Fri Dec 10 02:13:47 +0000 2021,7.3,1,100,5,8
Luxxxus_13,en,#tbt,932706154832187392,0.85,0.09,0.57,0.4,0.85,0.85,0.03,0.04,Fri Dec 10 11:04:40 +0000 2021,29,1864,636,64,12462
chenmapty,es,#tbt,1445099186244968452,0.73,0.05,0.36,0.05,0.73,0.73,0.63,0.24,Fri Nov 19 23:11:22 +0000 2021,3.2,31,172,84,57
ITAMATIANAMATOS,pt,#tbt,313054706,0.92,0.0,0.92,0.04,0.83,0.92,0.62,0.63,Fri Dec 10 16:06:52 +0000 2021,0.54,382,398,26,7
carlinotero,es,#tbt,1090081192488120320,0.8,0.8,0.22,0.01,0.4,0.8,0.0,0.0,Fri Dec 10 22:10:36 +0000 2021,350,79056,6823,6475,79051
AndreaRock97,en,#tbt,447268204,0.77,0.47,0.48,0.35,0.77,0.77,0.06,0.08,Fri Dec 10 22:00:27 +0000 2021,740,710348,2494,3811,437783
Carlo23795749,pt,#tbt,1011817010060242944,0.83,0.13,0.73,0.3,0.83,0.83,0.05,0.18,Fri Dec 10 09:35:12 +0000 2021,31,1067,2267,230,5938
bemmerdamesmo,pt,#tbt,1446671886184767488,0.96,0.06,0.96,0.43,0.96,0.96,0.28,0.31,Fri Dec 10 03:23:24 +0000 2021,57,650,405,18,2
rafaeldaschi,pt,#tbt,875029913572691971,0.88,0.01,0.88,0.35,0.84,0.88,0.13,0.15,Wed Dec 08 00:57:18 +0000 2021,15,1703,713,47,429
kendraa_21,en,#tbt,1238774670049964035,0.8,0.27,0.7,0.33,0.8,0.8,0.06,0.1,Fri Dec 10 22:44:15 +0000 2021,140,11553,4540,99,12007
NndrGay69,en,#tbt,1445992411042234372,0.94,0.12,0.65,0.52,0.94,0.94,0.02,0.09,Fri Nov 19 09:40:03 +0000 2021,31,338,81,3,511
rojoamante999,es,#tbt,1425274257488105473,0.79,0.09,0.66,0.31,0.79,0.79,0.15,0.18,Fri Dec 10 23:17:33 +0000 2021,110,5696,861,236,13578
MichaelBassfor5,en,#tbt,1220907440516018176,0.93,0.09,0.49,0.3,0.93,0.93,0.02,0.07,Fri Dec 03 04:48:49 +0000 2021,22,3356,371,623,14550
Yoel98280667,en,#tbt,1452662955527454730,0.77,0.07,0.74,0.61,0.77,0.77,0.01,0.06,Tue Nov 23 17:26:02 +0000 2021,22,143,202,8,853
AlexMar32449934,pt,#tbt,922553849252106242,0.76,0.08,0.34,0.08,0.76,0.76,0.01,0.14,Sat Dec 11 00:36:51 +0000 2021,83,10204,913,153,20489
JuanCastanedaVa,es,#tbt,857250630578176000,0.91,0.08,0.57,0.36,0.91,0.91,0.3,0.35,Sat Dec 11 01:36:54 +0000 2021,660,68380,335,4557,7
miiixxhelle,en,#tbt,3165794257,0.72,0.17,0.42,0.32,0.72,0.72,0.04,0.04,Sat Dec 11 01:07:17 +0000 2021,250,28086,144,312,76762
CampsPhenom,en,#tbt,1432529524822929413,0.99,0.0,0.54,0.02,0.99,0.99,0.88,0.87,Fri Dec 10 02:29:30 +0000 2021,8.9,130,11,18,15
NighHorizon,en,#tbt,127393736,0.77,0.26,0.47,0.04,0.77,0.77,0.43,0.23,Fri Dec 10 13:37:10 +0000 2021,4.5,2886,2260,2061,772
Marcelo00603664,pt,#tbt,1353872855109414912,0.77,0.22,0.77,0.24,0.72,0.77,0.12,0.18,Sat Dec 11 15:29:32 +0000 2021,1700,14995,3581,196,16341
Diego70094056,pt,#tbt,1408555305793957895,0.86,0.22,0.52,0.23,0.86,0.86,0.09,0.26,Fri Dec 10 23:34:35 +0000 2021,290,5127,1230,154,16500
AGomonelin,en,#tbt,1416542323576557570,0.83,0.31,0.43,0.38,0.83,0.83,0.11,0.2,Sat Dec 11 18:05:35 +0000 2021,42000,33819,45,47,3987
OthersMayKnow,en,#tbt,1312481330165428226,0.79,0.02,0.47,0.06,0.76,0.79,0.79,0.55,Thu Dec 09 21:33:20 +0000 2021,1.9,108,1,0,0
XvideosGay_18,en,#tbt,906232122532298755,0.75,0.28,0.29,0.33,0.75,0.75,0.05,0.14,Sat Dec 11 17:43:37 +0000 2021,15000,118951,3940,483963,113334
BradleyBanfiel,und,#tbt,1465349933280673794,0.89,0.11,0.89,0.65,0.87,0.89,0.65,0.39,Sat Dec 11 16:03:02 +0000 2021,7.7,2,38,15,7
LuisMonsalveC,es,#tbt,164054887,0.76,0.76,0.28,0.08,0.4,0.76,0.03,0.0,Sat Dec 11 16:30:35 +0000 2021,1800,320631,5536,5864,167101
prazerpedrolima,pt,#tbt,1253989723057590272,0.8,0.2,0.8,0.19,0.72,0.8,0.02,0.2,Sat Dec 11 04:21:45 +0000 2021,97,4438,3511,236,8714
livredelune,en,#tbt,1105037288705150976,0.88,0.07,0.57,0.38,0.88,0.88,0.01,0.15,Mon Dec 06 17:49:54 +0000 2021,97,23630,379,26,104619
ViniMoraes1032,und,#tbt,3048198065,0.94,0.13,0.94,0.51,0.87,0.94,0.63,0.47,Fri Nov 12 23:46:52 +0000 2021,0.73,3,64,2,5
SkowoH,en,#tbt,1183707687420342272,0.78,0.35,0.58,0.49,0.78,0.78,0.26,0.09,Sat Dec 11 18:31:42 +0000 2021,950,94018,13,1069,7
gregoriotorresr,es,#tbt,318087455,0.85,0.32,0.73,0.31,0.85,0.85,0.1,0.21,Wed Dec 08 07:05:24 +0000 2021,210,50541,4996,371,40189
Playboy00094418,en,#tbt,1237799894980734976,0.73,0.2,0.46,0.31,0.73,0.73,0.02,0.05,Fri Dec 10 21:36:49 +0000 2021,110,2983,612,840,5355
bqto32,es,#tbt,1356536003088027649,0.75,0.14,0.67,0.03,0.75,0.75,0.54,0.2,Sat Dec 11 15:57:44 +0000 2021,9.0,358,1515,1957,6006
Games_Dont_Suck,en,#tbt,1006011678700515328,0.75,0.37,0.53,0.46,0.75,0.75,0.24,0.06,Sat Dec 11 17:43:57 +0000 2021,990,91918,39,1663,114
89kingBe,en,#tbt,782486503901593600,0.76,0.27,0.69,0.45,0.76,0.76,0.05,0.09,Sat Dec 11 15:07:30 +0000 2021,230,4733,3731,365,39460
OffLopez,pt,#tbt,1372901132184522756,0.96,0.12,0.86,0.34,0.96,0.96,0.03,0.11,Sat Dec 11 16:36:26 +0000 2021,89,5219,1087,53,8205
ctralmarivolei,pt,#tbt,1448781512984469508,0.75,0.08,0.53,0.07,0.75,0.75,0.68,0.53,Thu Dec 02 16:07:51 +0000 2021,2.9,23,2,116,18
SherryLMaher,en,#tbt,2983589789,0.71,0.36,0.39,0.38,0.71,0.71,0.03,0.05,Sat Dec 11 16:57:28 +0000 2021,320,111788,122,748,364442
camaratunja,es,#tbt,403718683,0.76,0.03,0.31,0.04,0.76,0.76,0.03,0.01,Sat Dec 11 20:45:00 +0000 2021,38,9328,600,8294,6000
nicole_solas,en,#tbt,1055939660973772800,0.86,0.11,0.46,0.59,0.86,0.86,0.04,0.04,Sat Dec 11 22:22:36 +0000 2021,32,860,240,42,2795
freeballingar,es,#tbt,1289673819804893185,0.87,0.09,0.29,0.08,0.87,0.87,0.02,0.1,Sat Dec 11 20:43:00 +0000 2021,140,16687,101,151,16574
Julia_Axx01,en,#tbt,1067927218498658304,0.81,0.31,0.43,0.39,0.81,0.81,0.04,0.12,Sat Dec 11 23:01:21 +0000 2021,9000,92987,216,102280,34189
rdrake1948,en,#tbt,922249838330126337,0.72,0.72,0.38,0.09,0.64,0.72,0.06,0.06,Sat Dec 11 23:41:50 +0000 2021,4900,78655,5010,2472,80236
asosyal_biriyim,tr,#tbt,842434546314420229,0.9,0.25,0.44,0.36,0.9,0.9,0.15,0.11,Sat Dec 11 21:04:24 +0000 2021,1200,12006,372,301,49625
Braulio23714517,es,#tbt,1185586572126818304,0.93,0.19,0.78,0.33,0.93,0.93,0.15,0.09,Sat Dec 11 12:15:56 +0000 2021,600,34603,2484,508,33849
SebnemDonmez3,tr,#tbt,991416327276556289,0.96,0.29,0.54,0.31,0.96,0.96,0.32,0.08,Sat Dec 11 19:13:52 +0000 2021,230,3192,1816,1811,3094
josaphada,ht,#tbt,1430005657760043008,0.88,0.11,0.27,0.1,0.88,0.88,0.0,0.07,Sat Dec 11 17:00:21 +0000 2021,44,658,130,29,959
mrbeham1,en,#tbt,889766963093942273,0.78,0.09,0.48,0.33,0.78,0.78,0.04,0.1,Sat Dec 11 07:43:02 +0000 2021,110,2732,377,318,5350
JustWhatNowWhy,en,#tbt,3012462963,0.93,0.93,0.4,0.06,0.54,0.93,0.0,0.0,Sat Dec 11 23:55:59 +0000 2021,3600,783384,26302,23910,820099
2_beyaz,tr,#tbt,1244923661448024065,0.85,0.55,0.53,0.21,0.85,0.85,0.17,0.09,Sat Dec 11 15:47:37 +0000 2021,650,69875,3956,4192,114250
Carlosoyyo19,es,#tbt,1117997700253982720,0.89,0.09,0.83,0.29,0.89,0.89,0.12,0.18,Sat Dec 11 12:50:34 +0000 2021,220,28421,2279,260,3407
em_conference,en,#tbt,4498748474,0.84,0.02,0.35,0.04,0.84,0.84,0.69,0.25,Sat Dec 11 00:20:37 +0000 2021,5.5,973,83,173,204
Manuel49339142,es,#tbt,1367950230759612417,0.74,0.12,0.73,0.43,0.74,0.74,0.03,0.07,Fri Dec 10 19:00:57 +0000 2021,24,923,527,17,2240
RoseSpitznogle,en,#tbt,2315882874,0.88,0.88,0.25,0.0,0.23,0.88,0.0,0.01,Sun Dec 12 00:12:04 +0000 2021,500,211344,13097,11904,155401
Marc3434343434,en,#tbt,819922637275168768,0.91,0.21,0.7,0.42,0.91,0.91,0.12,0.11,Sat Dec 11 03:59:18 +0000 2021,200,1370,165,9,1246
jhwnyor,pt,#tbt,97547908,0.84,0.09,0.54,0.32,0.84,0.84,0.18,0.1,Sat Dec 11 12:13:54 +0000 2021,90,5461,753,289,53057
PeterVillarrue2,es,#tbt,1087078774573654016,0.79,0.11,0.79,0.35,0.72,0.79,0.03,0.14,Sun Dec 12 00:15:16 +0000 2021,88,2812,746,30,4264
TriniBoiWinnie,en,#tbt,837270422,0.71,0.17,0.27,0.34,0.71,0.71,0.08,0.03,Sat Dec 11 23:50:50 +0000 2021,140,76243,202,215,71240
Euphi182,und,#tbt,1385129922377654272,0.82,0.12,0.43,0.32,0.82,0.82,0.13,0.1,Sun Dec 12 00:08:53 +0000 2021,780,16280,407,208,23837
warriorfactory2,en,#tbt,1402363088893005824,0.82,0.0,0.57,0.05,0.82,0.82,0.79,0.81,Sat Dec 11 08:01:52 +0000 2021,2.5,59,1,0,0
KBlm50,pt,#tbt,1288831152246132736,0.96,0.08,0.81,0.38,0.96,0.96,0.16,0.15,Fri Dec 10 20:33:03 +0000 2021,74,5136,931,72,32465
Brisco93445854,en,#tbt,1459400703244476417,0.9,0.19,0.52,0.43,0.9,0.9,0.09,0.18,Sun Nov 14 21:21:17 +0000 2021,40,165,2,0,158
AbudyVPH,es,#tbt,862749578789093377,0.75,0.16,0.19,0.01,0.53,0.75,0.75,0.02,Sat Dec 11 11:12:56 +0000 2021,490,89794,288,13228,79603
Alanest09103215,es,#tbt,1132992919239979008,0.82,0.15,0.8,0.23,0.82,0.82,0.02,0.15,Sat Dec 11 18:26:38 +0000 2021,96,4613,3180,148,9299
Rodson51009849,en,#tbt,1442199342782189578,0.88,0.46,0.66,0.24,0.88,0.88,0.02,0.23,Sat Dec 11 21:46:22 +0000 2021,1000,8197,4999,185,27974
ChicagoGhosts,en,#tbt,62450122,0.74,0.0,0.49,0.05,0.74,0.74,0.42,0.19,Fri Dec 03 18:22:37 +0000 2021,3.3,1278,897,400,98
CasalSafadoSP22,pt,#tbt,1256978092477894657,0.89,0.35,0.54,0.13,0.89,0.89,0.04,0.22,Sat Dec 11 11:00:08 +0000 2021,120,7767,1654,2530,26065
MadMenQts,und,#tbt,2541819282,0.72,0.15,0.22,0.02,0.72,0.72,0.31,0.03,Sat Dec 11 14:37:00 +0000 2021,19,7522,1202,104467,81721
letherblaze,en,#tbt,728323358857822209,0.73,0.18,0.71,0.26,0.73,0.73,0.0,0.22,Sat Dec 11 12:37:53 +0000 2021,60,6309,2091,142,451
DVShowgirlsLV,en,#tbt,2958856241,0.8,0.05,0.37,0.08,0.8,0.8,0.57,0.2,Sat Dec 11 20:41:44 +0000 2021,15,5494,271,1337,159
phkrl__,pt,#tbt,1456067388789641219,0.74,0.06,0.71,0.08,0.74,0.74,0.1,0.25,Fri Dec 10 03:13:57 +0000 2021,40,382,38,1,223
AMPR_21,pt,#tbt,1123145577427034113,0.88,0.05,0.88,0.39,0.81,0.88,0.01,0.17,Sat Dec 11 12:47:32 +0000 2021,65,1213,612,34,2846
tonyindios,pt,#tbt,700620691247230976,0.82,0.27,0.65,0.14,0.82,0.82,0.05,0.23,Sat Dec 11 17:57:50 +0000 2021,180,22126,4983,441,32664
Matthewmachin89,en,#tbt,1431991130485370883,0.77,0.29,0.33,0.4,0.77,0.77,0.06,0.09,Sat Dec 11 23:54:24 +0000 2021,1000,9292,29,25,5861
saraeva_t,en,#tbt,264640910,0.79,0.25,0.79,0.46,0.71,0.79,0.07,0.18,Sat Dec 11 01:32:13 +0000 2021,36,1002,2249,218,1048
BrianBanana10,en,#tbt,1308379745713876992,0.84,0.27,0.33,0.23,0.84,0.84,0.04,0.04,Sat Nov 27 17:18:26 +0000 2021,47,33972,886,1286,31978
vdstaff58,en,#tbt,144254673,0.86,0.86,0.28,0.11,0.48,0.86,0.03,0.03,Sun Dec 12 00:23:51 +0000 2021,3500,234893,5776,5681,235754
LFC_MrTumble,en,#tbt,962633966359580672,0.78,0.45,0.64,0.36,0.78,0.78,0.02,0.1,Sat Dec 11 23:09:58 +0000 2021,410,7286,4942,1239,87
JudyConda,en,#tbt,722048277768605696,0.72,0.72,0.19,0.0,0.51,0.72,0.03,0.04,Sun Dec 12 00:34:25 +0000 2021,870,133681,5001,1307,183576
carol_ossf,pt,#tbt,1266045481022562305,0.86,0.17,0.33,0.31,0.86,0.86,0.1,0.09,Sun Dec 12 00:31:00 +0000 2021,1100,1057,124,19,17693
ArKazamG,es,#tbt,1272365888725856257,0.81,0.13,0.81,0.46,0.7,0.81,0.09,0.07,Sat Dec 11 19:58:31 +0000 2021,44,1859,1308,26,3991
SEKO44094454,tr,#tbt,1406949924281925636,0.89,0.1,0.81,0.3,0.89,0.89,0.15,0.23,Sat Dec 11 17:08:07 +0000 2021,85,1415,827,26,3462
kappa37462704,en,#tbt,1153303566465077250,0.84,0.06,0.43,0.33,0.84,0.84,0.08,0.11,Sat Dec 11 22:29:58 +0000 2021,45,2601,441,459,5473
Anderso54974422,pt,#tbt,1089581656133025793,0.87,0.1,0.65,0.37,0.87,0.87,0.22,0.13,Fri Dec 10 09:51:27 +0000 2021,100,10444,960,391,35365
JoseOrt83060132,es,#tbt,1289032904841080833,0.87,0.06,0.63,0.25,0.87,0.87,0.01,0.23,Sat Nov 27 22:47:06 +0000 2021,49,2510,1114,28,4283
tmal28,en,#tbt,1377244341320749059,0.91,0.29,0.64,0.36,0.91,0.91,0.01,0.16,Sat Dec 11 15:07:44 +0000 2021,1000,2903,1168,65,6066
Juan95347711,es,#tbt,906027899639152640,0.92,0.05,0.69,0.34,0.92,0.92,0.18,0.17,Sat Dec 11 14:30:54 +0000 2021,77,15636,937,197,26303
_WanSyafiq,en,#tbt,1018905306,0.8,0.17,0.39,0.26,0.8,0.8,0.02,0.06,Sat Dec 11 17:13:15 +0000 2021,130,107838,147,2379,4285
chema1223,en,#tbt,1942328804,0.71,0.21,0.4,0.36,0.71,0.71,0.06,0.09,Sat Dec 11 23:30:28 +0000 2021,100,16372,452,245,35955
CodisGroup,en,#tbt,983454283055022080,0.87,0.01,0.37,0.05,0.87,0.87,0.8,0.41,Thu Dec 09 21:56:25 +0000 2021,4.3,420,31,12,6
jeancm03,es,#tbt,1967795137,0.75,0.15,0.64,0.08,0.75,0.75,0.02,0.27,Thu Dec 09 23:27:01 +0000 2021,48,5976,2908,120,10877
johnste83319293,en,#tbt,982642942899867648,0.91,0.13,0.38,0.27,0.91,0.91,0.02,0.04,Sat Dec 11 22:19:17 +0000 2021,140,4771,69,42,17815
Thomas66880610,en,#tbt,1075470457187512320,0.84,0.15,0.3,0.36,0.84,0.84,0.05,0.08,Fri Dec 10 19:34:41 +0000 2021,9.5,939,74,44,1527
colombopana6,es,#tbt,1144663678651895808,0.87,0.14,0.87,0.32,0.83,0.87,0.11,0.2,Fri Dec 10 06:19:33 +0000 2021,58,2955,3349,91,3754
asianmoans,en,#tbt,1286598322736599040,0.77,0.28,0.43,0.32,0.77,0.77,0.12,0.19,Sat Dec 11 20:57:12 +0000 2021,4600,508359,40,392869,2066
chelsiwonda,en,#tbt,414806837,0.83,0.41,0.46,0.34,0.83,0.83,0.01,0.0,Sat Dec 11 17:09:52 +0000 2021,190,21127,1466,846,45500
ThelmaBartlet14,en,#tbt,1454861618572140548,0.81,0.29,0.54,0.44,0.81,0.81,0.02,0.12,Sat Dec 11 22:28:54 +0000 2021,1700,12713,201,133,23860
windychicago123,en,#tbt,1264280222532341761,0.94,0.27,0.6,0.27,0.94,0.94,0.1,0.07,Sat Dec 11 06:40:30 +0000 2021,320,15243,1197,126,16948
atlxpomx,en,#tbt,1422584353159323649,0.76,0.07,0.76,0.42,0.72,0.76,0.05,0.12,Thu Dec 09 12:23:16 +0000 2021,20,512,223,3,907
BBiitchhh,und,#tbt,1105688148464459777,0.97,0.1,0.78,0.29,0.97,0.97,0.14,0.11,Sat Dec 11 20:47:35 +0000 2021,140,8134,999,197,862
sweet_tradebot,en,#btc,1429276388872257543,0.86,0.02,0.86,0.18,0.6,0.86,0.52,0.73,Fri Nov 19 20:42:08 +0000 2021,7.4,119,160,16,40
HAMT20606605,en,#btc,1456639442589044744,0.88,0.12,0.56,0.48,0.88,0.88,0.41,0.36,Thu Nov 25 12:08:11 +0000 2021,65,594,9,7,635
crosscoinco,en,#btc,1035198618418831361,0.9,0.08,0.6,0.4,0.84,0.9,0.9,0.38,Sun Dec 12 04:29:30 +0000 2021,42,4799,1,90,0
baybarsozan,tr,#btc,840641968984227840,0.78,0.0,0.48,0.09,0.78,0.78,0.44,0.3,Sun Oct 10 00:37:24 +0000 2021,0.16,42,271,171,1734
serrayshe1,tr,#btc,1311601526297722880,0.77,0.33,0.41,0.02,0.77,0.77,0.03,0.14,Sun Dec 12 02:16:45 +0000 2021,2900,9524,1165,156,16295
OMAR45394288,en,#btc,1173665065553334272,0.88,0.21,0.88,0.48,0.79,0.88,0.07,0.24,Sat Dec 11 22:10:09 +0000 2021,50,248,377,3,55
SerhatA47201106,en,#btc,1458564799558737925,0.74,0.07,0.74,0.22,0.72,0.74,0.6,0.38,Sat Dec 11 19:49:30 +0000 2021,99,737,52,4,353
1000FreundeS04,de,#btc,1373271122595213312,1.0,0.06,1.0,0.39,0.86,1.0,0.66,0.66,Sun Dec 05 22:16:00 +0000 2021,0.21,8,19,0,40
al4le,en,#btc,1242771475901317120,0.79,0.14,0.59,0.31,0.79,0.79,0.05,0.23,Wed Dec 08 14:39:59 +0000 2021,46,512,28,6,653
EvansMmabeauty,en,#btc,1207796038137978880,0.77,0.14,0.77,0.27,0.56,0.77,0.09,0.36,Sat Dec 11 16:43:06 +0000 2021,3.4,248,379,26,166
DuranKaraca2,und,#btc,990306604166807555,0.78,0.05,0.78,0.03,0.64,0.78,0.16,0.41,Mon Dec 06 21:13:04 +0000 2021,2.6,81,164,8,42
Trend_Surfers,en,#btc,1216902990617026565,0.8,0.08,0.43,0.04,0.8,0.8,0.78,0.19,Sun Dec 12 04:05:15 +0000 2021,70,2754,68,2905,429
GOlvhanda,en,#btc,1459839193694105606,0.77,0.03,0.77,0.26,0.62,0.77,0.5,0.74,Fri Nov 26 15:17:32 +0000 2021,3.0,13,19,6,6
SerhatA47201106,en,#btc,1458564799558737925,0.74,0.07,0.74,0.22,0.72,0.74,0.6,0.38,Sat Dec 11 19:49:30 +0000 2021,98,737,52,4,353
InuQueenB,en,#btc,1402978368904065024,0.71,0.15,0.58,0.02,0.71,0.71,0.08,0.2,Sat Dec 11 23:56:49 +0000 2021,280,11251,553,203,5779
jayepe4321,en,#btc,1459850036548939776,0.74,0.05,0.74,0.1,0.72,0.74,0.27,0.6,Tue Dec 07 12:17:13 +0000 2021,4.3,17,87,12,7
blokblok07,tr,#btc,1450808302456168452,0.73,0.26,0.47,0.12,0.73,0.73,0.03,0.25,Fri Dec 10 18:46:11 +0000 2021,41,1371,54,12,1189
Jasmincityx,en,#btc,1432393270081069056,0.72,0.33,0.72,0.32,0.63,0.72,0.03,0.16,Sat Dec 11 22:02:22 +0000 2021,150,1541,1282,53,281
CryptoNazia2,en,#btc,1387799090843373575,0.73,0.48,0.56,0.14,0.73,0.73,0.06,0.22,Sat Dec 11 21:07:17 +0000 2021,700,20546,4962,143,13680
RqkVCBaKlXW6h4q,en,#btc,1013469851883573248,0.73,0.6,0.67,0.16,0.73,0.73,0.07,0.07,Sat Dec 11 09:24:55 +0000 2021,75,1116,3383,2471,527
RVqmW9iboHnkNje,ja,#btc,999267708981014528,0.96,0.04,0.57,0.07,0.96,0.96,0.89,0.5,Sun Dec 12 07:31:21 +0000 2021,370,26618,900,428,906
DS76382657,ja,#btc,1393703364320395264,0.8,0.16,0.41,0.13,0.8,0.8,0.05,0.18,Sun Dec 12 00:27:05 +0000 2021,20,215,49,12,195
atemiwe,en,#btc,958054455680884737,0.82,0.02,0.82,0.05,0.4,0.82,0.25,0.27,Sun Nov 14 22:53:48 +0000 2021,0.53,39,75,3,86
Sergij90,en,#btc,1593095024,0.71,0.1,0.38,0.35,0.71,0.71,0.03,0.06,Fri Dec 10 13:20:15 +0000 2021,9.6,756,42,22,839
Airdrop_mania34,tr,#btc,1440375701396332545,0.71,0.2,0.39,0.07,0.71,0.71,0.06,0.23,Sat Dec 11 21:58:46 +0000 2021,310,2139,214,33,3174
J3pDuMC8aqA0mZa,en,#btc,979060880200622081,0.86,0.01,0.86,0.09,0.54,0.86,0.02,0.57,Thu Nov 25 00:32:20 +0000 2021,1.9,551,384,8,20
bryedelvo,en,#btc,1455775798703521794,0.71,0.02,0.71,0.07,0.39,0.71,0.06,0.22,Tue Dec 07 04:46:55 +0000 2021,14,77,93,8,65
MohsenViolonist,en,#btc,1435608690111963139,0.75,0.09,0.75,0.21,0.44,0.75,0.07,0.33,Sat Dec 11 19:38:11 +0000 2021,12,167,109,2,95
cryptowatchera,en,#btc,895095827433115648,0.91,0.04,0.91,0.65,0.64,0.91,0.15,0.54,Mon Nov 22 10:58:50 +0000 2021,0.067,16,157,4,77
DoanHoaTun,en,#btc,1458553462359166978,0.82,0.07,0.82,0.27,0.59,0.82,0.13,0.44,Sat Dec 11 18:12:20 +0000 2021,8.0,36,28,2,16
386_jj,ja,#btc,1126365766389919744,0.87,0.11,0.52,0.29,0.87,0.87,0.14,0.14,Sat Dec 11 16:12:28 +0000 2021,23,526,35,43,496
Criptoke1,es,#btc,1442603951963000834,0.73,0.09,0.73,0.1,0.54,0.73,0.02,0.39,Wed Dec 08 16:13:46 +0000 2021,3.8,40,317,19,278
DanDaveand,en,#btc,1423021570143014923,0.85,0.52,0.84,0.32,0.85,0.85,0.1,0.16,Sun Dec 12 01:14:11 +0000 2021,570,7779,2233,47,1442
Sphincex,en,#btc,1111257809470087171,0.71,0.12,0.71,0.11,0.5,0.71,0.06,0.35,Mon Nov 22 09:00:31 +0000 2021,36,604,602,38,435
Rodolfo62949483,es,#btc,1187891439897894912,0.76,0.76,0.34,0.0,0.44,0.76,0.0,0.0,Sun Dec 12 02:30:48 +0000 2021,860,56833,4182,4470,86306
ufukcelebi44,tr,#btc,2675186425,0.75,0.04,0.75,0.13,0.56,0.75,0.14,0.51,Sun Nov 14 21:44:22 +0000 2021,0.076,29,24,4,7
artofkaizen,en,#btc,268901120,0.76,0.29,0.36,0.34,0.76,0.76,0.03,0.0,Sun Dec 12 07:09:32 +0000 2021,170,6317,341,103,15769
Idarosida1995,en,#btc,778093320044158977,0.72,0.28,0.63,0.31,0.72,0.72,0.04,0.21,Sun Dec 12 01:00:49 +0000 2021,160,1654,735,11,450
Purple1067,fr,#btc,1429515937389088773,0.79,0.02,0.79,0.08,0.73,0.79,0.03,0.28,Sun Dec 12 20:12:25 +0000 2021,3.1,49,42,2,12
vechaincat,en,#btc,1192493648430206976,0.76,0.37,0.52,0.37,0.76,0.76,0.03,0.01,Mon Dec 13 03:46:45 +0000 2021,130,26362,1441,1531,48429
rambo7769,en,#btc,1330051109638070274,0.78,0.02,0.62,0.13,0.71,0.78,0.78,0.63,Mon Dec 13 05:39:15 +0000 2021,230,11228,90,41,584
irrelevantbirm1,tr,#btc,1384779016461295616,0.92,0.06,0.92,0.11,0.72,0.92,0.46,0.45,Sat Nov 20 13:02:58 +0000 2021,0.74,26,35,2,16
GGAllin48462630,es,#btc,1240397221419520001,0.9,0.02,0.9,0.628,0.73,0.9,0.85,0.49,Wed Dec 08 13:32:23 +0000 2021,2.2,40,7,9,49
jdhforme,en,#btc,1291576610454269958,0.78,0.31,0.56,0.25,0.78,0.78,0.02,0.14,Mon Dec 06 06:19:00 +0000 2021,44,7438,983,71,1917
itstechgraph,en,#btc,3277840789,0.76,0.17,0.5,0.02,0.76,0.76,0.07,0.05,Sat Dec 11 10:49:50 +0000 2021,31,3627,2357,1028,618
btcnewse,en,#btc,1437890893802049545,0.88,0.02,0.44,0.03,0.88,0.88,0.81,0.31,Sun Dec 12 22:50:05 +0000 2021,72,419,25,195,55
TWS_SQUAD,en,#btc,2267703020,0.71,0.18,0.37,0.15,0.71,0.71,0.17,0.16,Sun Dec 12 12:59:33 +0000 2021,69,1761,234,95,1534
printerbroke,en,#btc,1451535108603846723,0.8,0.08,0.73,0.31,0.8,0.8,0.14,0.45,Sun Dec 12 20:20:42 +0000 2021,9.0,56,14,0,23
Memoli83754958,en,#btc,1354786526761263105,0.91,0.17,0.54,0.32,0.91,0.91,0.06,0.12,Sun Dec 12 18:43:53 +0000 2021,60,789,29,4,842
elkadi32,en,#btc,2567106069,0.74,0.06,0.74,0.07,0.41,0.74,0.0,0.35,Mon Dec 06 15:22:20 +0000 2021,0.91,207,662,63,178
JamesB0R,en,#btc,1395115357673861125,0.84,0.26,0.54,0.32,0.84,0.84,0.06,0.16,Sun Dec 12 19:29:13 +0000 2021,26,1547,689,9,1399
Emilian85200336,en,#btc,1404211115068997633,0.82,0.14,0.36,0.4,0.82,0.82,0.03,0.11,Fri Dec 10 17:38:09 +0000 2021,13,342,48,16,794
miss_Gecko1984,en,#btc,1426250208640475142,0.71,0.19,0.45,0.01,0.71,0.71,0.04,0.22,Mon Dec 13 00:23:38 +0000 2021,260,5055,524,685,9483
novelteesandswg,en,#btc,1372443804330954755,0.8,0.48,0.77,0.03,0.8,0.8,0.36,0.16,Mon Dec 13 01:02:55 +0000 2021,7.7,309,3013,1298,155
DragonBallTee,in,#btc,1575636434,0.85,0.25,0.77,0.08,0.85,0.85,0.83,0.37,Mon Dec 13 07:20:22 +0000 2021,10000,74008,2385,658,123
kienZtoOotZ,en,#btc,1430572243512221704,0.93,0.01,0.93,0.3,0.63,0.93,0.26,0.53,Tue Nov 30 04:24:17 +0000 2021,1.5,21,32,1,7
OdinWolfdog,en,#btc,1448681694916141062,0.71,0.04,0.69,0.38,0.71,0.71,0.06,0.52,Thu Nov 18 23:43:40 +0000 2021,3.7,21,2,1,162
lordkaido5,en,#btc,1352342730341552130,0.72,0.11,0.72,0.12,0.58,0.72,0.05,0.32,Sat Nov 20 12:26:52 +0000 2021,5.0,190,84,2,73
tta_turker,tr,#btc,1378278753567178752,0.94,0.11,0.94,0.13,0.78,0.94,0.45,0.44,Sun Dec 12 13:55:23 +0000 2021,0.52,19,54,1,40
xD6QWy5pqSCSkZm,en,#btc,1431578693680259074,0.78,0.28,0.47,0.37,0.78,0.78,0.14,0.05,Mon Dec 13 00:36:41 +0000 2021,330,11594,75,60,11560
raniacityx,en,#btc,1455113023345942532,0.75,0.38,0.71,0.32,0.75,0.75,0.01,0.21,Mon Dec 13 05:07:14 +0000 2021,730,5695,2159,44,979
JacobMassengil,en,#btc,1382511103528239105,0.76,0.4,0.66,0.44,0.76,0.76,0.12,0.13,Mon Dec 13 07:21:40 +0000 2021,1100,26035,1781,336,14234
SevdeYurdakulll,tr,#btc,1363173285387767816,0.85,0.17,0.57,0.16,0.85,0.85,0.08,0.34,Mon Dec 13 05:45:10 +0000 2021,290,740,196,14,760
hakan_sah_gdh,tr,#btc,1249432192914059264,0.72,0.08,0.59,0.14,0.72,0.72,0.05,0.31,Sun Dec 12 21:31:54 +0000 2021,14,421,398,6,342
rodrigocorreiv,pt,#btc,1345071033376776197,0.92,0.0,0.82,0.25145833333333334,0.91,0.92,0.92,0.6686226585366135,Fri Oct 01 23:50:39 +0000 2021,0.26,6,11,53,6
CointraderM,pt,#btc,1025174050228854785,0.86,0.04,0.45,0.04,0.85,0.86,0.86,0.2,Mon Dec 13 03:00:31 +0000 2021,42,3926,145,2972,170
jesus_manzax,en,#btc,375204336,0.74,0.21,0.39,0.16,0.74,0.74,0.04,0.14,Wed Dec 08 22:36:35 +0000 2021,44,14491,55,393,2192
threader,en,#btc,900271822465380352,0.79,0.37,0.24,0.06,0.79,0.79,0.51,0.04,Mon Dec 13 07:28:09 +0000 2021,1700,338490,1203,86589,3503
zeelsaround,en,#btc,1454786543537774592,0.85,0.01,0.85,0.19,0.61,0.85,0.12,0.55,Sun Dec 12 04:09:08 +0000 2021,6.4,40,168,5,9
mustafaduman_md,en,#btc,958962623134994432,0.71,0.15,0.33,0.14,0.71,0.71,0.06,0.1,Mon Dec 13 07:11:54 +0000 2021,500,4719,386,180,13097
S_Deneb,ja,#btc,316967507,0.74,0.14,0.27,0.18,0.74,0.74,0.13,0.15,Mon Dec 13 07:31:11 +0000 2021,1800,26659,353,503,27533
Kripto_Q,en,#btc,1261988582727745543,0.71,0.15,0.37,0.21,0.71,0.71,0.02,0.05,Mon Dec 13 06:07:39 +0000 2021,59,6905,105,41,6302
Cryptoinvestern,und,#btc,1437302648869380098,0.75,0.1,0.45,0.09,0.75,0.75,0.07,0.19,Sun Dec 12 17:12:33 +0000 2021,79,2031,238,14,1475
sumitkvsc,en,#btc,1424040348,0.72,0.21,0.51,0.13,0.72,0.72,0.02,0.15,Sun Dec 12 21:49:01 +0000 2021,130,2495,128,25,2104
alef_mim_pe,fa,#btc,902928221263581184,0.79,0.08,0.55,0.04,0.79,0.79,0.07,0.17,Sun Nov 14 19:35:10 +0000 2021,4.7,170,396,186,107
Sohylasamurai2,en,#btc,1448905812659916818,0.79,0.18,0.37,0.08,0.79,0.79,0.15,0.14,Mon Dec 13 07:48:50 +0000 2021,200,9283,298,3347,7307
carlosa55090665,en,#btc,1695096985,0.92,0.07,0.73,0.02,0.92,0.92,0.57,0.33,Wed Nov 24 18:35:41 +0000 2021,60,548,72,3,7
R1988Sajad_,en,#btc,1459186944680857600,0.75,0.35,0.4,0.29,0.75,0.75,0.06,0.19,Sun Dec 12 16:07:33 +0000 2021,190,1086,1039,118,8321
Wasabi_Erase,en,#btc,33967476,0.75,0.46,0.5,0.39,0.75,0.75,0.04,0.03,Sun Dec 12 19:53:07 +0000 2021,240,21595,2494,1430,29310
mehmet32963439,und,#btc,1259481297694740480,0.79,0.32,0.49,0.23,0.79,0.79,0.16,0.17,Sun Dec 12 21:51:09 +0000 2021,860,7960,209,53,7379
Coinhun40030213,en,#btc,1435550065523896321,0.71,0.43,0.48,0.28,0.71,0.71,0.0,0.19,Mon Dec 13 07:31:21 +0000 2021,250,7305,2685,12,2136
KaganOzugur,tr,#btc,1206967097206722561,0.99,0.07,0.99,0.11,0.75,0.99,0.54,0.56,Sun Dec 12 20:36:33 +0000 2021,0.25,16,491,6,268
wG7GsKut6gAPg6b,en,#btc,1422677768232480770,0.88,0.03,0.88,0.61,0.54,0.88,0.02,0.38,Sun Dec 12 20:07:07 +0000 2021,4.3,81,57,0,19
25thNero,en,#btc,1395090377598713862,0.85,0.1,0.85,0.2,0.72,0.85,0.71,0.72,Sun Nov 14 19:59:33 +0000 2021,0.44,13,26,2,2
gu_wdx,ja,#btc,1433345746175074310,0.84,0.16,0.47,0.3,0.84,0.84,0.12,0.15,Mon Dec 13 03:26:16 +0000 2021,45,677,12,5,681
Best88Fx,ko,#btc,1379311984898809857,0.97,0.02,0.28,0.04,0.86,0.97,0.97,0.82,Mon Dec 13 07:43:19 +0000 2021,42,663,0,0,0
JimmyColas10,fr,#btc,1311403685256278017,0.79,0.04,0.79,0.44,0.72,0.79,0.06,0.34,Sun Dec 12 14:41:17 +0000 2021,0.59,20,118,1,179
ixodius,es,#btc,1300974436305309697,0.9,0.12,0.4,0.04,0.9,0.9,0.78,0.17,Mon Dec 13 00:25:36 +0000 2021,3700,17526,86,2669,154
redhotchilicoin,tr,#btc,1352687578030469122,0.85,0.1,0.45,0.03,0.85,0.85,0.22,0.25,Sun Dec 12 20:15:50 +0000 2021,250,490,107,111,636
veriyoksa,tr,#btc,1309493965562040321,0.82,0.11,0.82,0.2,0.69,0.82,0.04,0.29,Sun Dec 12 21:09:08 +0000 2021,9.3,64,223,2,78
yermawsdadsdug,en,#btc,1296532130110087169,0.765,0.04,0.765,0.22,0.69,0.765,0.63,0.55,Thu Dec 09 01:09:11 +0000 2021,0.25,16,6,4,27
PantonialJimbo,en,#btc,1455407266522230784,0.93,0.09,0.93,0.67,0.83,0.93,0.58,0.44,Wed Nov 24 07:05:11 +0000 2021,1.6,8,47,0,1
TeknikBilim1,en,#btc,1142573516002332677,0.77,0.09,0.58,0.1,0.77,0.77,0.12,0.39,Thu Dec 09 19:30:07 +0000 2021,0.55,71,51,11,6
ZStrankova,en,#btc,1453836427662331904,0.75,0.04,0.67,0.67,0.75,0.75,0.31,0.41,Tue Nov 16 12:48:23 +0000 2021,2.5,11,0,0,0
Ercan49102273,en,#btc,1458174980118753285,0.82,0.23,0.64,0.4,0.82,0.82,0.1,0.33,Thu Nov 25 16:04:59 +0000 2021,29,146,165,1,138
axlwincityx,en,#btc,1441034563472424963,0.72,0.4,0.55,0.33,0.72,0.72,0.02,0.17,Sun Dec 12 08:11:32 +0000 2021,170,5378,1617,29,1370
ik99xx,ar,#btc,1374326442113310724,0.79,0.01,0.79,0.17,0.53,0.79,0.05,0.32,Thu Dec 09 00:27:51 +0000 2021,0.57,21,40,2,11
HyacintheFASSI1,en,#btc,1414288852181729282,0.81,0.12,0.51,0.47,0.81,0.81,0.06,0.16,Sat Dec 11 03:25:23 +0000 2021,10,448,66,9,457
BrisonWooten2,en,#btc,1424303906289594369,0.73,0.08,0.73,0.17,0.73,0.73,0.14,0.44,Mon Nov 22 20:52:19 +0000 2021,7.4,52,42,0,19
AtoriNiz,en,#btc,1442925455921778689,0.84,0.15,0.76,0.49,0.84,0.84,0.15,0.12,Thu Nov 18 23:44:33 +0000 2021,49,2126,69,5,430
SKFILM_,th,#bts,4508221873,0.73,0.1,0.67,0.32,0.73,0.73,0.1,0.02,Sun Dec 05 01:50:33 +0000 2021,270,116026,427,33,197669
seyseesaw,en,#bts,1087146894336409600,0.94,0.14,0.34,0.39,0.94,0.94,0.02,0.03,Sun Dec 05 04:55:00 +0000 2021,37,5337,54,28,112795
Luv_Mxng,en,#bts,860676362809593856,0.88,0.13,0.37,0.46,0.88,0.88,0.03,0.03,Sat Dec 04 22:05:24 +0000 2021,55,12009,30,27,9077
Kuoriwi7,en,#bts,1375947714039537669,0.81,0.59,0.5,0.33,0.81,0.81,0.01,0.06,Sun Dec 05 04:16:07 +0000 2021,1900,60504,4984,1836,55411
hxgcgqgt,und,#bts,1411599876475944963,0.84,0.04,0.84,0.46,0.7,0.84,0.12,0.36,Sun Nov 21 00:15:36 +0000 2021,2.0,22,34,1,896
KatherineHuarc5,en,#bts,1299919572884246528,0.93,0.14,0.64,0.36,0.93,0.93,0.02,0.14,Sun Dec 05 05:28:44 +0000 2021,200,5383,321,7,11601
taren1013,ko,#bts,1184495224736731137,0.85,0.15,0.55,0.32,0.85,0.85,0.0,0.08,Sun Dec 05 06:35:39 +0000 2021,240,17953,201,14,29143
KimAnnybts,pt,#bts,1402375951313420289,0.86,0.12,0.34,0.22,0.86,0.86,0.03,0.09,Sat Dec 04 16:02:52 +0000 2021,260,1551,369,104,1804
Ku92394244,ja,#bts,1391527924398903299,0.93,0.1,0.78,0.33,0.93,0.93,0.17,0.12,Sun Dec 05 04:42:01 +0000 2021,7.0,470,90,1,6712
NIKO60374210,es,#bts,1314772296041672704,0.85,0.01,0.85,0.39,0.81,0.85,0.03,0.24,Thu Dec 02 16:13:15 +0000 2021,1.3,82,130,1,1133
sgrm_1209,en,#bts,1104027025545678848,0.92,0.07,0.32,0.31,0.92,0.92,0.0,0.09,Sun Dec 05 06:04:54 +0000 2021,150,19602,355,72,44957
Yuyu1408_,en,#bts,851900822065643520,0.74,0.22,0.43,0.31,0.74,0.74,0.03,0.06,Sun Dec 05 04:33:28 +0000 2021,880,183187,210,204,192144
atora_rmy,ja,#bts,1200656326260445185,0.86,0.06,0.77,0.38,0.86,0.86,0.13,0.14,Sun Dec 05 07:43:23 +0000 2021,54,3431,158,6,33734
SsSninggggggg,en,#bts,1181048900242690048,0.81,0.03,0.48,0.13,0.81,0.81,0.03,0.1,Sat Dec 04 15:09:42 +0000 2021,65,4071,366,11,4792
JJKXECO,ja,#bts,3649306459,0.96,0.14,0.42,0.32,0.96,0.96,0.05,0.06,Sun Dec 05 08:05:50 +0000 2021,56,302,25,8,13322
mickablenv7,en,#bts,1417830223580631041,0.78,0.22,0.31,0.1,0.78,0.78,0.05,0.11,Sun Dec 05 03:26:02 +0000 2021,500,3856,246,86,5125
hopeval97230059,en,#bts,1313793573620535297,0.79,0.09,0.4,0.41,0.79,0.79,0.0,0.14,Tue Nov 16 15:58:15 +0000 2021,46,1139,69,30,730
17Hoody,en,#bts,1455101807051476993,0.83,0.07,0.35,0.53,0.83,0.83,0.02,0.04,Sun Dec 05 07:07:50 +0000 2021,290,793,66,10,1994
francis_maite,ko,#bts,1400205007773962241,0.73,0.11,0.67,0.41,0.73,0.73,0.22,0.06,Sun Dec 05 07:14:13 +0000 2021,20,373,13,0,690
poisonapple613,en,#bts,1287987009215172610,0.82,0.04,0.23,0.25,0.82,0.82,0.03,0.05,Sun Dec 05 05:18:11 +0000 2021,90,9033,143,84,10223
1cXmC2gd7t9fTTo,en,#bts,1177694917658910721,0.83,0.15,0.48,0.31,0.83,0.83,0.04,0.03,Sun Dec 05 07:05:26 +0000 2021,1200,114909,119,63,178303
seokjin_knee,en,#bts,1079906892598497280,0.74,0.26,0.55,0.43,0.74,0.74,0.07,0.04,Sun Dec 05 09:22:08 +0000 2021,1100,42692,310,100,72752
satyumihyo,en,#bts,1360580802917011460,0.85,0.13,0.55,0.57,0.85,0.85,0.02,0.03,Sun Dec 05 05:10:37 +0000 2021,88,6249,135,4,11242
jorgefe15057570,en,#bts,1071643912580681728,0.8,0.09,0.72,0.4,0.8,0.8,0.05,0.15,Sun Dec 05 01:28:33 +0000 2021,81,1602,921,16,3313
bubujoon,en,#bts,1207875603602591745,0.74,0.21,0.25,0.2,0.74,0.74,0.01,0.04,Sun Dec 05 02:15:11 +0000 2021,23,9429,1104,1028,39612
perso7na_,en,#bts,1314952297303113728,0.78,0.2,0.51,0.45,0.78,0.78,0.04,0.0,Sun Dec 05 08:40:34 +0000 2021,200,2947,122,9,26951
rydlmera,en,#bts,965760313344770051,0.71,0.07,0.26,0.17,0.71,0.71,0.0,0.1,Sun Dec 05 04:55:06 +0000 2021,66,1985,150,102,4958
Temin_Ca,es,#bts,1391946186668523521,0.71,0.12,0.35,0.09,0.71,0.71,0.03,0.16,Fri Nov 26 17:07:33 +0000 2021,7.0,379,10,10,111
chananya97,th,#bts,931000123731017729,0.79,0.05,0.68,0.35,0.79,0.79,0.09,0.13,Sun Dec 05 05:19:57 +0000 2021,230,60778,225,20,5230
TranNguyen28,en,#bts,2953290784,0.83,0.17,0.3,0.32,0.83,0.83,0.0,0.05,Sat Dec 04 17:29:39 +0000 2021,21,12326,1427,236,18509
KatherineHuarc5,en,#bts,1299919572884246528,0.93,0.14,0.64,0.36,0.93,0.93,0.02,0.14,Sun Dec 05 05:28:44 +0000 2021,200,5383,321,7,11601
AltamiraLizeth,ko,#bts,892505284148682752,0.85,0.08,0.57,0.28,0.85,0.85,0.16,0.07,Sun Dec 05 08:39:23 +0000 2021,120,7062,805,114,12695
ApricotGu,en,#bts,1170304620196876288,0.79,0.21,0.62,0.41,0.79,0.79,0.08,0.08,Sun Dec 05 09:27:13 +0000 2021,1500,81748,1091,57,333641
matthew___11,ja,#bts,1312399617271631873,0.74,0.03,0.36,0.3,0.74,0.74,0.03,0.1,Sun Dec 05 01:07:56 +0000 2021,150,1704,73,14,8048
keun4061,en,#bts,929542783387426816,0.81,0.11,0.67,0.39,0.81,0.81,0.02,0.15,Wed Dec 01 19:59:13 +0000 2021,18,348,35,1,582
cotten_901,ko,#bts,1223266476536152066,0.75,0.17,0.15,0.27,0.75,0.75,0.01,0.06,Sun Dec 05 08:26:07 +0000 2021,330,7569,27,28,7304
Juli72806723,en,#bts,1348548468537577477,0.74,0.15,0.65,0.47,0.74,0.74,0.03,0.05,Sun Dec 05 08:16:13 +0000 2021,670,6105,39,1,6368
bangthoney,en,#bts,1037650253997113344,0.89,0.2,0.41,0.27,0.89,0.89,0.07,0.05,Sun Dec 05 07:25:43 +0000 2021,790,110115,562,714,108111
IssuesKim,en,#bts,1421615016629964801,0.74,0.22,0.22,0.12,0.74,0.74,0.0,0.06,Sun Dec 05 10:09:48 +0000 2021,490,6822,114,24,31682
bangtanie7__,en,#bts,1168300958012641281,0.94,0.1,0.42,0.37,0.94,0.94,0.01,0.08,Sat Dec 04 19:33:57 +0000 2021,220,5180,233,67,44309
0506Leilani,es,#bts,1396959476377432072,0.72,0.16,0.71,0.39,0.72,0.72,0.1,0.01,Sun Dec 05 07:26:29 +0000 2021,220,2566,83,2,4357
Just_smile_okey,en,#bts,1229103579102949377,0.85,0.14,0.36,0.43,0.85,0.85,0.01,0.03,Sun Dec 05 08:17:29 +0000 2021,100,16676,140,18,89923
lis_Aan,en,#bts,1282787878507094016,0.8,0.2,0.66,0.36,0.8,0.8,0.01,0.08,Sun Dec 05 07:31:07 +0000 2021,730,29369,516,37,62475
Bangtan_MyLif3,en,#bts,1244058727558385665,0.85,0.11,0.36,0.39,0.85,0.85,0.0,0.04,Sat Dec 04 12:25:52 +0000 2021,8.9,684,455,62,2158
Camila99072430,en,#bts,1127055348181929984,0.8,0.22,0.39,0.39,0.8,0.8,0.03,0.09,Sun Dec 05 04:49:22 +0000 2021,930,70490,148,36,136671
stillwithj3k4,en,#bts,1364443900144873473,0.85,0.06,0.49,0.52,0.85,0.85,0.06,0.06,Sat Dec 04 09:33:26 +0000 2021,36,478,14,1,11033
speachgirl3ad,en,#bts,1441403932559876103,0.85,0.36,0.59,0.3,0.85,0.85,0.01,0.16,Sun Dec 05 10:18:30 +0000 2021,1100,11528,2241,318,22088
sevgi_exo_baek,en,#bts,927938286261284864,0.89,0.17,0.41,0.29,0.89,0.89,0.01,0.1,Sun Dec 05 08:50:34 +0000 2021,1500,724610,228,119,581196
oy7H09DfNFOFOiA,ja,#bts,1381553778478882817,0.96,0.1,0.62,0.31,0.96,0.96,0.19,0.12,Sun Dec 05 10:16:23 +0000 2021,51,365,23,2,1040
jamimi17,en,#bts,1139732072023482368,0.86,0.1,0.6,0.48,0.86,0.86,0.01,0.1,Thu Dec 02 00:58:15 +0000 2021,6.9,621,38,0,2549
jgs1013_7w7,en,#bts,1386779808269586438,0.86,0.36,0.46,0.3,0.86,0.86,0.02,0.07,Wed Dec 01 20:03:36 +0000 2021,23,3486,4941,696,5828
skp2gdrck,ja,#bts,1138913395,0.82,0.04,0.52,0.29,0.82,0.82,0.04,0.1,Sun Dec 05 06:21:53 +0000 2021,81,4026,289,28,6606
PWFYoDxIujKdBSh,ja,#bts,1358014895887843328,0.72,0.04,0.4,0.24,0.72,0.72,0.08,0.19,Tue Nov 30 11:57:23 +0000 2021,74,509,58,26,1484
taevtaehyungv,th,#bts,1428676308960116744,0.72,0.11,0.22,0.11,0.72,0.72,0.07,0.18,Sun Nov 14 13:20:04 +0000 2021,54,538,44,12,712
BTS_jmluv4,ko,#bts,1313822278195408896,0.8,0.08,0.44,0.46,0.8,0.8,0.48,0.09,Sun Dec 05 10:09:11 +0000 2021,53,1771,8,5,2178
yyyrp1,ja,#bts,1302417045510791171,0.74,0.07,0.74,0.11,0.52,0.74,0.09,0.28,Sat Nov 27 15:02:51 +0000 2021,1.5,100,38,0,795
Ring_2505,th,#bts,1219915402462912515,0.79,0.02,0.59,0.23,0.79,0.79,0.0,0.07,Sun Dec 05 04:55:59 +0000 2021,100,3292,174,13,21745
AwaliyahMurni,en,#bts,1404034548208340995,0.89,0.22,0.49,0.45,0.89,0.89,0.02,0.08,Sun Dec 05 01:17:46 +0000 2021,45,795,123,6,1166
armybangtanvote,en,#bts,1391197070028021761,0.92,0.04,0.87,0.06,0.92,0.92,0.74,0.43,Sun Dec 05 01:50:27 +0000 2021,2.3,69,30,0,0
CataaTome,en,#bts,1070435940122927107,0.72,0.18,0.22,0.3,0.72,0.72,0.0,0.05,Sun Dec 05 01:25:45 +0000 2021,130,46772,972,269,72049
Leop3107,en,#bts,1428476194320633857,0.94,0.14,0.51,0.49,0.94,0.94,0.02,0.07,Sun Dec 05 11:04:31 +0000 2021,700,9629,167,9,17227
happy64032102,en,#bts,943105499842490368,0.87,0.16,0.49,0.41,0.87,0.87,0.08,0.12,Sun Dec 05 11:26:20 +0000 2021,13000,286727,291,216,333678
BTSISUNIQUE,en,#bts,1121312164655005696,0.87,0.33,0.33,0.38,0.87,0.87,0.01,0.07,Sat Dec 04 22:29:17 +0000 2021,750,72716,1439,269,81702
jjkdoubunny,en,#bts,1079090931532472320,0.74,0.41,0.22,0.13,0.74,0.74,0.0,0.0,Sun Dec 05 02:43:37 +0000 2021,200,96929,2086,2315,116058
AtRaMeY12,ko,#bts,1459015614773800971,0.72,0.15,0.55,0.18,0.72,0.72,0.34,0.38,Sun Dec 05 02:36:15 +0000 2021,9.4,29,7,0,59
mygparxdise,ko,#bts,1264068913459060738,0.75,0.07,0.37,0.11,0.75,0.75,0.23,0.19,Fri Dec 03 16:56:04 +0000 2021,10,6779,67,73,13543
potato9_sweet,en,#bts,803177712949035008,0.84,0.16,0.44,0.29,0.84,0.84,0.01,0.03,Sun Dec 05 11:20:28 +0000 2021,500,234458,613,104,51370
tarisu174,ja,#bts,1091802642,0.98,0.07,0.98,0.61,0.84,0.98,0.59,0.55,Sat Nov 13 22:24:10 +0000 2021,0.082,2,11,0,1
Jessic53603136,und,#bts,1364344769099354114,0.865,0.0,0.8,0.12,0.865,0.865,0.65,0.78,Thu Nov 25 23:28:44 +0000 2021,1.1,21,98,1,17
purpleland_2,en,#bts,1437011095202500621,0.86,0.07,0.49,0.33,0.86,0.86,0.02,0.05,Sun Dec 05 09:38:16 +0000 2021,380,3522,89,75,65
myuniversebts77,en,#bts,1328014099872182272,0.9,0.09,0.59,0.46,0.9,0.9,0.02,0.09,Sat Dec 04 23:06:25 +0000 2021,74,3263,47,2,7123
SAVEME_1MF1NE,en,#bts,929956997201408000,0.74,0.5,0.56,0.18,0.74,0.74,0.0,0.02,Sun Dec 05 07:29:56 +0000 2021,1100,73655,1960,1741,167181
atinykingmaker,en,#bts,1189961589660803075,0.85,0.1,0.62,0.52,0.85,0.85,0.02,0.07,Sat Dec 04 15:17:45 +0000 2021,68,3392,387,26,1579
kj922769,en,#bts,838210929619787776,0.78,0.29,0.6,0.31,0.78,0.78,0.07,0.05,Sun Dec 05 13:23:41 +0000 2021,4300,121900,5012,401,31606
MarlenValdes9,es,#bts,1305999087154728960,0.87,0.08,0.69,0.32,0.87,0.87,0.13,0.0,Sun Dec 05 05:18:29 +0000 2021,250,1986,83,8,2113
memikpoper,es,#bts,1220134406557442049,0.72,0.13,0.54,0.25,0.72,0.72,0.11,0.02,Sun Dec 05 13:40:58 +0000 2021,470,19942,706,98,33631
ARMYForce_votos,es,#bts,1390930033124970502,0.71,0.15,0.21,0.0,0.71,0.71,0.36,0.2,Sun Dec 05 05:01:40 +0000 2021,510,17319,12,15058,25
_777_bts,ja,#bts,1458021619008688128,0.79,0.12,0.79,0.33,0.76,0.79,0.52,0.33,Fri Nov 26 14:51:48 +0000 2021,3.8,14,5,0,0
reretw7,ko,#bts,1253865904439349248,0.75,0.13,0.67,0.31,0.75,0.75,0.0,0.1,Sun Dec 05 13:27:36 +0000 2021,220,3123,315,5,4035
JAnne51459582,en,#bts,1381247116329152516,0.82,0.1,0.56,0.43,0.82,0.82,0.08,0.04,Sun Dec 05 11:46:02 +0000 2021,68,2479,95,4,6559
barbzz_nikki,en,#bts,492687679,0.72,0.03,0.72,0.21,0.52,0.72,0.04,0.72,Wed Dec 01 04:54:30 +0000 2021,0.092,29,61,1,638
KimyJungJH,ko,#bts,1436314115878891523,0.74,0.16,0.54,0.34,0.74,0.74,0.07,0.14,Thu Dec 02 00:48:30 +0000 2021,16,163,45,43,172
purpleuKMJP,en,#bts,971444790977089541,0.76,0.43,0.65,0.36,0.76,0.76,0.07,0.05,Sat Dec 04 19:38:37 +0000 2021,70,69373,3575,3399,123598
G9La4,ja,#bts,4793310942,0.86,0.13,0.83,0.42,0.86,0.86,0.13,0.21,Sun Dec 05 07:21:06 +0000 2021,0.69,223,250,2,5584
naga4444m,ja,#bts,1444572573451186176,0.86,0.02,0.77,0.4,0.86,0.86,0.05,0.15,Wed Dec 01 22:09:19 +0000 2021,13,52,50,0,3419
pjmxvote01,en,#bts,1074707188894056448,0.75,0.08,0.43,0.25,0.75,0.75,0.01,0.19,Sun Dec 05 02:37:47 +0000 2021,6.6,3144,34,29,219
changwook46,en,#bts,925700240803471361,0.8,0.18,0.4,0.27,0.8,0.8,0.03,0.05,Sun Dec 05 13:55:57 +0000 2021,850,104095,129,149,210247
katy_quispe7,en,#bts,832655611800276992,0.81,0.14,0.19,0.26,0.81,0.81,0.0,0.01,Sun Dec 05 13:07:56 +0000 2021,100,30741,100,57,28681
niallcIub,pt,#bts,3377608606,0.73,0.41,0.73,0.08,0.67,0.73,0.2,0.09,Sun Dec 05 14:21:53 +0000 2021,2400,160510,16782,18172,96371
aramaraa_,en,#bts,1456902513160978440,0.87,0.11,0.67,0.48,0.87,0.87,0.12,0.17,Sun Dec 05 08:24:02 +0000 2021,330,1143,11,0,1007
gabriel97078482,pt,#bts,1451330462153072640,0.71,0.16,0.35,0.03,0.71,0.71,0.06,0.22,Sun Dec 05 13:36:07 +0000 2021,350,3091,355,31,16767
Issa_1230,en,#bts,165780320,0.89,0.04,0.59,0.37,0.89,0.89,0.06,0.17,Thu Dec 02 14:25:46 +0000 2021,46,418,59,5,207
anasecilia9,es,#bts,1377571134888153093,0.8883333333333334,0.07,0.81,0.86,0.8883333333333334,0.8883333333333334,0.67,0.44,Sat Nov 13 22:25:39 +0000 2021,0.073,2,9,0,902
kikahi1,ja,#bts,1192272202990673923,0.83,0.11,0.45,0.3,0.83,0.83,0.1,0.1,Sun Dec 05 00:29:22 +0000 2021,60,1033,82,42,4752
Minshokiee,en,#bts,1407102770470166530,0.74,0.04,0.47,0.46,0.74,0.74,0.06,0.28,Sat Nov 20 20:11:38 +0000 2021,1.3,22,39,6,1653
Park_Wolf352,en,#bts,1079650387987230720,0.86,0.15,0.4,0.43,0.86,0.86,0.01,0.05,Sun Dec 05 12:34:46 +0000 2021,120,26210,43,5,32412
peachyggukmin,en,#bts,1048843981021483008,0.92,0.12,0.3,0.28,0.92,0.92,0.01,0.03,Sun Dec 05 13:27:11 +0000 2021,410,10305,75,132,20169
amandasifuente7,en,#bts,1262139268236967937,0.77,0.15,0.54,0.33,0.77,0.77,0.0,0.05,Sun Dec 05 08:07:15 +0000 2021,420,21845,667,128,111008
Yiyi50522380,es,#bts,1317308265722728449,0.76,0.03,0.76,0.52,0.69,0.76,0.52,0.44,Sat Nov 13 21:20:55 +0000 2021,0.068,4,2,0,3
Krista_Hersant,en,#bts,1216090852919070720,0.83,0.05,0.78,0.6,0.83,0.83,0.06,0.34,Sun Dec 05 09:34:16 +0000 2021,0.44,39,99,1,981
eimn15,ja,#bts,1141991608763613184,0.76,0.01,0.45,0.33,0.76,0.76,0.12,0.05,Sun Dec 05 13:58:44 +0000 2021,180,409,162,34,19116
RKjMwzbUVA5tTew,ja,#bts,1190825130470957057,0.82,0.04,0.63,0.38,0.82,0.82,0.08,0.18,Fri Nov 26 14:09:03 +0000 2021,1.1,118,7,0,1052
MaeGamoza,en,#bts,1302198200862793730,0.8,0.1,0.59,0.39,0.8,0.8,0.03,0.08,Sun Dec 05 12:59:03 +0000 2021,1200,26912,553,86,93598
OcaRafita,en,#bts,1439213752247721988,0.79,0.07,0.56,0.41,0.79,0.79,0.03,0.14,Tue Nov 30 02:19:02 +0000 2021,20,240,54,1,640
Erika_3697,en,#bts,855094963436236801,0.85,0.22,0.35,0.23,0.85,0.85,0.02,0.03,Sun Dec 05 13:52:37 +0000 2021,820,221903,156,233,54012
chi_1698,en,#bts,805002303350505472,0.86,0.11,0.64,0.38,0.86,0.86,0.03,0.08,Sat Dec 04 21:41:11 +0000 2021,490,8546,297,8,36673
mori_min_9597_,en,#bts,3012391237,0.88,0.42,0.57,0.23,0.88,0.88,0.01,0.03,Sun Dec 05 11:17:16 +0000 2021,220,76548,1910,1733,280954
